order,song_title,artist,video_id,audio_url,cover_image,duration
1,Pyaro Vrindavan,Indresh Upadhyay Ji & B Praak,kNK7XYZcyBM,https://www.youtube.com/watch?v=kNK7XYZcyBM,https://i.ytimg.com/vi/kNK7XYZcyBM/hqdefault.jpg,13:48
2,Radha Gori Gori,Indresh Upadhyay Ji & B Praak,xVU2UDaFOfE,https://www.youtube.com/watch?v=xVU2UDaFOfE,https://i.ytimg.com/vi/xVU2UDaFOfE/hqdefault.jpg,05:55
3,Mere Banke Bihari Laal,Madhavas Rock Band,Cm0MZ5WfTzw,https://www.youtube.com/watch?v=Cm0MZ5WfTzw,https://i.ytimg.com/vi/Cm0MZ5WfTzw/hqdefault.jpg,05:09
4,Shri Krishna Govind Hare Murari,Jubin Nautiyal,1qmPNot9NJs,https://www.youtube.com/watch?v=1qmPNot9NJs,https://i.ytimg.com/vi/1qmPNot9NJs/hqdefault.jpg,02:35
5,Tum Prem Ho (RadhaKrishn),Mohit Lalwani & Bharat Kamal,Feoea8FQTI0,https://www.youtube.com/watch?v=Feoea8FQTI0,https://i.ytimg.com/vi/Feoea8FQTI0/hqdefault.jpg,05:03
6,Radhika Dulari,Indresh Upadhyay Ji & B Praak,0Wz4ROngCMI,https://www.youtube.com/watch?v=0Wz4ROngCMI,https://i.ytimg.com/vi/0Wz4ROngCMI/hqdefault.jpg,06:44
7,Aesi Kripa Karo Shree Radhe,Vianet LoFi Bhajans,lpP2_2o2XvE,https://www.youtube.com/watch?v=lpP2_2o2XvE,https://i.ytimg.com/vi/lpP2_2o2XvE/hqdefault.jpg,07:02
8,Mai Bairagan,Shri Indresh Upadhyay Ji,LLAvgTeXXy8,https://www.youtube.com/watch?v=LLAvgTeXXy8,https://i.ytimg.com/vi/LLAvgTeXXy8/hqdefault.jpg,06:00
9,Mero Mann Vrindavan Mein Atko,Shri Indresh Upadhyay Ji & Mohit Lalwani,3o95qn8BjdQ,https://www.youtube.com/watch?v=3o95qn8BjdQ,https://i.ytimg.com/vi/3o95qn8BjdQ/hqdefault.jpg,06:07
10,Namo Namo,Kedarnath & Sushant Rajput,dx4Teh-nv3A,https://www.youtube.com/watch?v=dx4Teh-nv3A,https://i.ytimg.com/vi/dx4Teh-nv3A/hqdefault.jpg,05:29
11,Barsana Mila Hai,Afsana Khan & B Praak,IjfQ98I8wCQ,https://www.youtube.com/watch?v=IjfQ98I8wCQ,https://i.ytimg.com/vi/IjfQ98I8wCQ/hqdefault.jpg,04:45
12,Aiso Chatak Matak So Thakur,Indresh Upadhyay Ji,Q-e4ZuiZoRs,https://www.youtube.com/watch?v=Q-e4ZuiZoRs,https://i.ytimg.com/vi/Q-e4ZuiZoRs/hqdefault.jpg,10:15
13,Ye Chamak Ye Damak 2.0,Sab Kuch Sarkar Tumhi Se Hai & Sudhir Vyas New Ram Bhajan,pApyQSxCNsA,https://www.youtube.com/watch?v=pApyQSxCNsA,https://i.ytimg.com/vi/pApyQSxCNsA/hqdefault.jpg,05:59
14,Krishna Bhajan Mashup,The Brajkeepers (Dhruv Sharma & Swarna Shri),Q9f0cruMVDM,https://www.youtube.com/watch?v=Q9f0cruMVDM,https://i.ytimg.com/vi/Q9f0cruMVDM/hqdefault.jpg,06:30
15,श्री रघुवर कोमल कमल नयन को पहनाओ जयमाला,इंद्रेश उपाध्याय & सिद्धार्थ भावसार,yWHfVujHWeY,https://www.youtube.com/watch?v=yWHfVujHWeY,https://i.ytimg.com/vi/yWHfVujHWeY/hqdefault.jpg,05:18
16,Ram Siya Ram Adipurush,Prabhas & Sachet,Tl4bQBfOtbg,https://www.youtube.com/watch?v=Tl4bQBfOtbg,https://i.ytimg.com/vi/Tl4bQBfOtbg/hqdefault.jpg,04:11
17,Tujhse Preet Lagi Hai Radhe,Krishna Chaturvedi & Pankaj VRK,HnlXl_hGPiE,https://www.youtube.com/watch?v=HnlXl_hGPiE,https://i.ytimg.com/vi/HnlXl_hGPiE/hqdefault.jpg,03:42
18,Ganga Ke Kinare,Bunny & Sagar,ocRzt5NvI7A,https://www.youtube.com/watch?v=ocRzt5NvI7A,https://i.ytimg.com/vi/ocRzt5NvI7A/hqdefault.jpg,03:47
19,Radha Rani Bhajan Mashup,The Brajkeepers,TrsCXBKp7CA,https://www.youtube.com/watch?v=TrsCXBKp7CA,https://i.ytimg.com/vi/TrsCXBKp7CA/hqdefault.jpg,09:02
20,Jara Pass Baitho Hey Banke Bihari,Devi Neha Saraswat,gB-1zBm_6-E,https://www.youtube.com/watch?v=gB-1zBm_6-E,https://i.ytimg.com/vi/gB-1zBm_6-E/hqdefault.jpg,05:56
21,Shyama Aan Baso,Sachet-Parampara & Khushalii Kumar,lm6CLMLSZBc,https://www.youtube.com/watch?v=lm6CLMLSZBc,https://i.ytimg.com/vi/lm6CLMLSZBc/hqdefault.jpg,04:33
22,Narayan Mil Jayega: Jubin Nautiyal,Payal Dev & Manoj Muntashir Shukla,30YNd5fEGMo,https://www.youtube.com/watch?v=30YNd5fEGMo,https://i.ytimg.com/vi/30YNd5fEGMo/hqdefault.jpg,05:01
23,Radhika Gori Se,Dhruv Sharma & Swarna Shri,0RcFGQc6o0c,https://www.youtube.com/watch?v=0RcFGQc6o0c,https://i.ytimg.com/vi/0RcFGQc6o0c/hqdefault.jpg,04:15
24,Rama Rama Ratte Ratte Biti Re Umariya,Extended & Samarpit The Band,96E5HhkiUvQ,https://www.youtube.com/watch?v=96E5HhkiUvQ,https://i.ytimg.com/vi/96E5HhkiUvQ/hqdefault.jpg,06:20
25,Shiv kailasho ke Vasi,Hansraj Raghuwanshi & Baba Ji,PlIoHp6v3LI,https://www.youtube.com/watch?v=PlIoHp6v3LI,https://i.ytimg.com/vi/PlIoHp6v3LI/hqdefault.jpg,05:14
